Type,MiniCPM-V-2_6_Judge,Qwen2.5-VL-7B-Instruct_Judge,Δ_Judge (Qwen2.5-VL-7B-Instruct - MiniCPM-V-2_6)
圓餅圖,2.6666666666666665,4.333333333333333,1.6666666666666665
堆疊長條圖,1.3076923076923077,2.5384615384615388,1.230769230769231
折線圖,1.0,3.0,2.0
瀑布圖,1.0,4.0,3.0
群組長條圖,2.0,1.6666666666666667,-0.33333333333333326
表格,1.0,1.0,0.0
長條圖,1.6956521739130437,3.4347826086956523,1.7391304347826086
